mode,mean,std,count
no_context,-0.8254888580371305,0.42811920285109945,40
upstream_only,-0.6749599949818431,0.3398344035591016,40
full_context,-0.676517543680254,0.34101933852602195,40
tagged_full,-0.622571429964254,0.35625897046672705,40
